<?xml version="1.0"?>
<object name="issue" meta_type="Dexterity FTI" i18n:domain="retreat.platform"
   xmlns:i18n="http://xml.zope.org/namespaces/i18n">
  <property name="title" i18n:translate="">Issue</property>
  <property name="description" i18n:translate="">A maintenance or facility issue that needs attention</property>
  <property name="icon_expr">string:${portal_url}/document_icon.png</property>
  <property name="factory">issue</property>
  <property name="add_view_expr">string:${folder_url}/++add++issue</property>
  <property name="link_target"></property>
  <property name="immediate_view">view</property>
  <property name="global_allow">True</property>
  <property name="filter_content_types">True</property>
  <property name="allowed_content_types"/>
  <property name="allow_discussion">False</property>
  <property name="default_view">view</property>
  <property name="view_methods">
    <element value="view" />
  </property>
  <property name="default_view_fallback">False</property>
  <property name="add_permission">cmf.AddPortalContent</property>
  <property name="klass">plone.dexterity.content.Container</property>
  <property name="model_source">
&lt;?xml version='1.0' encoding='utf8'?&gt;
&lt;model xmlns:lingua="http://namespaces.plone.org/supermodel/lingua" xmlns:users="http://namespaces.plone.org/supermodel/users" xmlns:security="http://namespaces.plone.org/supermodel/security" xmlns:marshal="http://namespaces.plone.org/supermodel/marshal" xmlns:form="http://namespaces.plone.org/supermodel/form" xmlns="http://namespaces.plone.org/supermodel/schema"&gt;
  &lt;schema&gt;
    &lt;field name="status" type="zope.schema.Choice"&gt;
      &lt;title&gt;Status&lt;/title&gt;
      &lt;description&gt;Current status of the issue&lt;/description&gt;
      &lt;required&gt;True&lt;/required&gt;
      &lt;default&gt;new&lt;/default&gt;
      &lt;values&gt;
        &lt;element&gt;new&lt;/element&gt;
        &lt;element&gt;in_progress&lt;/element&gt;
        &lt;element&gt;resolved&lt;/element&gt;
      &lt;/values&gt;
    &lt;/field&gt;
    &lt;field name="priority" type="zope.schema.Choice"&gt;
      &lt;title&gt;Priority&lt;/title&gt;
      &lt;description&gt;Priority level of the issue&lt;/description&gt;
      &lt;required&gt;True&lt;/required&gt;
      &lt;default&gt;normal&lt;/default&gt;
      &lt;values&gt;
        &lt;element&gt;low&lt;/element&gt;
        &lt;element&gt;normal&lt;/element&gt;
        &lt;element&gt;high&lt;/element&gt;
        &lt;element&gt;critical&lt;/element&gt;
      &lt;/values&gt;
    &lt;/field&gt;
    &lt;field name="location" type="zope.schema.TextLine"&gt;
      &lt;title&gt;Location&lt;/title&gt;
      &lt;description&gt;Where is the issue located?&lt;/description&gt;
      &lt;required&gt;True&lt;/required&gt;
    &lt;/field&gt;
    &lt;field name="issue_description" type="zope.schema.Text"&gt;
      &lt;title&gt;Issue Description&lt;/title&gt;
      &lt;description&gt;Detailed description of the issue&lt;/description&gt;
      &lt;required&gt;True&lt;/required&gt;
    &lt;/field&gt;
    &lt;field name="resolution_notes" type="zope.schema.Text"&gt;
      &lt;title&gt;Resolution Notes&lt;/title&gt;
      &lt;description&gt;Notes about how the issue was resolved&lt;/description&gt;
      &lt;required&gt;False&lt;/required&gt;
    &lt;/field&gt;
  &lt;/schema&gt;
&lt;/model&gt;
  </property>
  <property name="model_file"></property>
  <property name="schema_policy">dexterity</property>
  <alias from="(Default)" to="(dynamic view)" />
  <alias from="edit" to="@@edit" />
  <alias from="sharing" to="@@sharing" />
  <alias from="view" to="(selected layout)" />
  <action title="View" action_id="view" category="object" condition_expr=""
    description="" icon_expr="" link_target="" url_expr="string:${object_url}"
    visible="True">
    <permission value="View" />
  </action>
  <action title="Edit" action_id="edit" category="object" condition_expr=""
    description="" icon_expr="" link_target=""
    url_expr="string:${object_url}/edit" visible="True">
    <permission value="Modify portal content" />
  </action>
</object>