<?xml version="1.0" encoding="utf-8"?>
<object name="participant" meta_type="Dexterity FTI" i18n:domain="plone"
   xmlns:i18n="http://xml.zope.org/namespaces/i18n">
 <property name="title" i18n:translate="">Participant</property>
 <property name="description"
    i18n:translate="">A participant in a retreat or bootcamp</property>
 <property name="icon_expr">string:user</property>
 <property name="factory">participant</property>
 <property name="add_view_expr">string:${folder_url}/++add++participant</property>
 <property name="link_target"></property>
 <property name="immediate_view">view</property>
 <property name="global_allow">True</property>
 <property name="filter_content_types">True</property>
 <property name="allowed_content_types"/>
 <property name="allow_discussion">False</property>
 <property name="default_view">view</property>
 <property name="view_methods">
  <element value="view"/>
 </property>
 <property name="default_view_fallback">False</property>
 <property name="add_permission">cmf.AddPortalContent</property>
 <property name="klass">plone.dexterity.content.Container</property>
 <property name="behaviors">
  <element value="plone.dublincore"/>
  <element value="plone.namefromtitle"/>
 </property>
 <property name="schema"></property>
 <property
    name="model_source">&lt;model xmlns:i18n=&quot;http://xml.zope.org/namespaces/i18n&quot; xmlns:form=&quot;http://namespaces.plone.org/supermodel/form&quot; xmlns:security=&quot;http://namespaces.plone.org/supermodel/security&quot; xmlns:marshal=&quot;http://namespaces.plone.org/supermodel/marshal&quot; xmlns:indexer=&quot;http://namespaces.plone.org/supermodel/indexer&quot; xmlns:users=&quot;http://namespaces.plone.org/supermodel/users&quot; xmlns:lingua=&quot;http://namespaces.plone.org/supermodel/lingua&quot; xmlns=&quot;http://namespaces.plone.org/supermodel/schema&quot;&gt;
    &lt;schema&gt;
      &lt;field name=&quot;email&quot; type=&quot;zope.schema.TextLine&quot;&gt;
        &lt;description&gt;Participant's email address&lt;/description&gt;
        &lt;title&gt;Email&lt;/title&gt;
      &lt;/field&gt;
      &lt;field name=&quot;phone&quot; type=&quot;zope.schema.TextLine&quot;&gt;
        &lt;description&gt;Participant's phone number&lt;/description&gt;
        &lt;required&gt;False&lt;/required&gt;
        &lt;title&gt;Phone&lt;/title&gt;
      &lt;/field&gt;
      &lt;field name=&quot;emergency_contact_name&quot; type=&quot;zope.schema.TextLine&quot;&gt;
        &lt;description&gt;Name of emergency contact&lt;/description&gt;
        &lt;title&gt;Emergency Contact Name&lt;/title&gt;
      &lt;/field&gt;
      &lt;field name=&quot;emergency_contact_phone&quot; type=&quot;zope.schema.TextLine&quot;&gt;
        &lt;description&gt;Phone number of emergency contact&lt;/description&gt;
        &lt;title&gt;Emergency Contact Phone&lt;/title&gt;
      &lt;/field&gt;
      &lt;field name=&quot;dietary_restrictions&quot; type=&quot;zope.schema.Text&quot;&gt;
        &lt;description&gt;Any dietary restrictions or preferences&lt;/description&gt;
        &lt;required&gt;False&lt;/required&gt;
        &lt;title&gt;Dietary Restrictions&lt;/title&gt;
      &lt;/field&gt;
      &lt;field name=&quot;medical_notes&quot; type=&quot;zope.schema.Text&quot;&gt;
        &lt;description&gt;Any medical conditions or medications&lt;/description&gt;
        &lt;required&gt;False&lt;/required&gt;
        &lt;title&gt;Medical Notes&lt;/title&gt;
      &lt;/field&gt;
      &lt;field name=&quot;arrival_date&quot; type=&quot;zope.schema.Date&quot;&gt;
        &lt;description&gt;Date of arrival&lt;/description&gt;
        &lt;title&gt;Arrival Date&lt;/title&gt;
      &lt;/field&gt;
      &lt;field name=&quot;departure_date&quot; type=&quot;zope.schema.Date&quot;&gt;
        &lt;description&gt;Date of departure&lt;/description&gt;
        &lt;title&gt;Departure Date&lt;/title&gt;
      &lt;/field&gt;
    &lt;/schema&gt;
  &lt;/model&gt;</property>
 <property name="model_file"></property>
 <property name="schema_policy">dexterity</property>
 <alias from="(Default)" to="(dynamic view)"/>
 <alias from="edit" to="@@edit"/>
 <alias from="sharing" to="@@sharing"/>
 <alias from="view" to="(selected layout)"/>
 <action title="View" action_id="view" category="object" condition_expr=""
    icon_expr="string:toolbar-action/view" link_target=""
    url_expr="string:${object_url}" visible="True">
  <permission value="View"/>
 </action>
 <action title="Edit" action_id="edit" category="object" condition_expr=""
    icon_expr="string:toolbar-action/edit" link_target=""
    url_expr="string:${object_url}/edit" visible="True">
  <permission value="Modify portal content"/>
 </action>
</object>